id,title,price_rub,category,rating,reviews_count,market_url,cover_photo
5903547,МК пуловер Зелёная горчица,1200.0,"Джемперы, свитеры и кардиганы",0.0,0,https://vk.ru/market/product/mk-pulover-zelyonaya-gorchitsa-211626529-5903547,https://sun9-40.vkuserphoto.ru/s/v1/ig2/h1D95gqlg4mtQBAq_WjUkIrjfrVJVBYNl3OLxflHm-fOr6ULjRxD8rT5CwGBObluRfk4oJH3YP01cUEO4pxtDYNz.jpg?background=ffffff&crop=164%2C0%2C1630%2C1957&quality=90&size=533x640
5906931,МК Пуловер Летучая мышь,1200.0,"Джемперы, свитеры и кардиганы",5.0,1,https://vk.ru/market/product/mk-pulover-letuchaya-mysh-211626529-5906931,https://sun9-39.vkuserphoto.ru/s/v1/ig2/0JT6pE38UNeIWgVeJ5_uBbybAYem4jkD231qmEQpHqybaEilVLEpu7t257X2mqi-rPHgpFroApftXCnfktpscFH2.jpg?background=ffffff&crop=215%2C0%2C2132%2C2560&quality=90&size=533x640
5907000,МК пуловер Ингрид,1200.0,"Джемперы, свитеры и кардиганы",0.0,0,https://vk.ru/market/product/mk-pulover-ingrid-211626529-5907000,https://sun9-57.vkuserphoto.ru/s/v1/ig2/IiVWiw2VsYBc8Ok0JWRI6P5BIklI44_9GK9IIpQVzCVFaargogJIPbeSvpVpYtX32bRUQWwx3KJDcrtfe-Sqiw0h.jpg?background=ffffff&crop=29%2C0%2C1799%2C2160&quality=90&size=533x640
5907043,МК Жилет с рукавами,800.0,Жилеты,5.0,3,https://vk.ru/market/product/mk-zhilet-s-rukavami-211626529-5907043,https://sun9-71.vkuserphoto.ru/s/v1/ig2/bXwFoZftxuKpUefGfZrsAs3EHf_ktGGXDE-j1NDz1iH1KPw2AgbKnQ_t1_754kMnNdypiDZuHy4Giqo0l6e0iuXf.jpg?background=ffffff&crop=0%2C16%2C849%2C1019&quality=90&size=533x640
5917465,МК свитер Ангара,1200.0,"Джемперы, свитеры и кардиганы",0.0,0,https://vk.ru/market/product/mk-sviter-angara-211626529-5917465,https://sun9-19.vkuserphoto.ru/s/v1/ig2/t7gfvskJncxdJmP9evHZmP9SuRBZEp6AS4rhwwiFJhHZ4WX8mbH1HXroAFHg7zNqtLY_RBdQpkI1oBVep49dQ428.jpg?background=ffffff&crop=38%2C0%2C1001%2C1202&quality=90&size=533x640
5917571,МК кардиган Намибия,1200.0,"Джемперы, свитеры и кардиганы",5.0,1,https://vk.ru/market/product/mk-kardigan-namibia-211626529-5917571,https://sun9-80.vkuserphoto.ru/s/v1/ig2/UsOuWB793RtFixLI7l3-a8gaVHv5AWL9d8-K3kNzjiMZANwiDKpKvWhUQ1o92X-ZIw4pbWZMIuzqJ1DGKycO4zTm.jpg?background=ffffff&crop=215%2C0%2C2132%2C2560&quality=90&size=533x640
5923903,МК пуловер Эльза,1200.0,"Джемперы, свитеры и кардиганы",5.0,1,https://vk.ru/market/product/mk-pulover-elza-211626529-5923903,https://sun9-74.vkuserphoto.ru/s/v1/ig2/fKyCUwDljYWRFSa9AgwxuB3EhKX1yl3mci-RGb92VM6aPNGLEFggKZtr1eON8nvtdzQLicvIf-kNyQxM9xzoGEJP.jpg?background=ffffff&crop=74%2C0%2C1768%2C2124&quality=90&size=533x640
5931869,МК платье/свитер Норвегия,800.0,Платья и сарафаны,5.0,2,https://vk.ru/market/product/mk-platyesviter-norvegia-211626529-5931869,https://sun9-26.vkuserphoto.ru/s/v1/ig2/GstEF9aGJrn5O8p8RyOUx_o6F_2XUUKe365zmCjbxw_nxGvdmd9Y4jgI8MOqoqIXBI6UYl-KF7vJN5LYYPtndMr8.jpg?background=ffffff&crop=0%2C108%2C1620%2C1946&quality=90&size=533x640
5944682,МК боди Пион,1000.0,Боди и ползунки,5.0,1,https://vk.ru/market/product/mk-bodi-pion-211626529-5944682,https://sun9-77.vkuserphoto.ru/s/v1/ig2/b6Jm7mFPXpbC-oKWlXJ8pPKuDDI_GT0pqIcuWPB7fDl0YoQ1hy-Jrlbx0BMvWdAC-SN_TrCoWH5L12jxRLR-3PCH.jpg?background=ffffff&crop=151%2C0%2C1506%2C1808&quality=90&size=533x640
5945280,МК кардиган Бланманже,1200.0,"Джемперы, свитеры и кардиганы",5.0,2,https://vk.ru/market/product/mk-kardigan-blanmanzhe-211626529-5945280,https://sun9-58.vkuserphoto.ru/s/v1/ig2/r-SxDQPTmZXABvBLgLXkolZbjgDGgvea9IeCUN4SBAFhbz61yxr2Pm3yVHeziMCGKvus22w7hYRIAxCHR_XhhGvu.jpg?background=ffffff&crop=215%2C0%2C2132%2C2560&quality=90&size=533x640
5945307,МК кардиган Мята,1500.0,"Джемперы, свитеры и кардиганы",5.0,1,https://vk.ru/market/product/mk-kardigan-myata-211626529-5945307,https://sun9-77.vkuserphoto.ru/s/v1/ig2/0xrqnrHcpbPb3jaujL8F3P-0Izsxmjj44nxUS3BUlDHNzEaGTFu5IQ_yPy7cyoAmCjeZt8Z48UPvnTsVD2SMkehL.jpg?background=ffffff&crop=30%2C0%2C1020%2C1225&quality=90&size=533x640
5952213,МК шапка Фуксия,500.0,Шапки,0.0,0,https://vk.ru/market/product/mk-shapka-fuxia-211626529-5952213,https://sun9-2.vkuserphoto.ru/s/v1/ig2/_A3KLpo5muPA1QjWQiu_26eORHSGnqAK749L_p9NPknMdnJCTtcA5gMHEY6u1FRtsfh-p5zaxMIIzcdWyYwYYcAG.jpg?background=ffffff&crop=178%2C0%2C1797%2C2157&quality=90&size=533x640
6041348,МК пальто Кокон,500.0,Пальто,0.0,0,https://vk.ru/market/product/mk-palto-kokon-211626529-6041348,https://sun9-88.vkuserphoto.ru/s/v1/ig2/TYIeCBLwzUqST7fla8woJJ_SKu6rm8JKcyvjFYSMH6SBIwy8UmgEk9yBxvKkfxfcESEe3LptnpQOM5_Oni-5QYhs.jpg?background=ffffff&crop=0%2C59%2C884%2C1062&quality=90&size=533x640
6100190,МК сарафан Фиалка ,500.0,Платья и сарафаны,0.0,0,https://vk.ru/market/product/mk-sarafan-fialka-211626529-6100190,https://sun9-42.vkuserphoto.ru/s/v1/ig2/sfHypeq2jI1ZCsVJziUcfFgq4CztJt0jtckR2bt53Ym0dF7dkzT58qQmBKYL-LiD9hG_cKzaF_aEkvQBbxHKcgWn.jpg?background=ffffff&crop=150%2C0%2C1628%2C1955&quality=90&size=533x640
6329796,МК кардиган Птичка,1200.0,"Джемперы, свитеры и кардиганы",0.0,0,https://vk.ru/market/product/mk-kardigan-ptichka-211626529-6329796,https://sun9-55.vkuserphoto.ru/s/v1/ig2/7GyOtvV1jcxlycYRjF-gadBFjzigSgsnxbosvDTfY-bc5zqtnqqCjnVMqS22e5EhsboqFPGqeuPK74UcR3ujIPDi.jpg?background=ffffff&crop=90%2C0%2C899%2C1080&quality=90&size=533x640
6384545,МК Топ с американской проймой,500.0,Футболки и топы,0.0,0,https://vk.ru/market/product/mk-top-s-amerikanskoy-proymoy-211626529-6384545,https://sun9-42.vkuserphoto.ru/s/v1/ig2/026KBPf6-JMId9Nb8RicxAx3KwKvclpYJ_kDROH4MIb6iZXa_0Hv9KVkxKpPSzWX7NNAMXLOJOv_FB3tWf7WfOUM.jpg?background=ffffff&crop=0%2C40%2C1555%2C1867&quality=90&size=533x640
6800231,МК кардиган Кейптаун,1200.0,"Джемперы, свитеры и кардиганы",5.0,2,https://vk.ru/market/product/mk-kardigan-keyptaun-211626529-6800231,https://sun9-74.vkuserphoto.ru/s/v1/ig2/TAOIAfh8uxyFTePoh-TuhWxxhHE2q4awOy3HTCk34x3TfdAhr2R4n4cuAx_lIyD2759Aqw9dq2fJJgAszPkTF-e8.jpg?background=ffffff&crop=0%2C64%2C1692%2C2032&quality=90&size=533x640
7038887,МК  пуловер Амулет,1000.0,"Джемперы, свитеры и кардиганы",5.0,1,https://vk.ru/market/product/mk-pulover-amulet-211626529-7038887,https://sun9-58.vkuserphoto.ru/s/v1/ig2/cs0cnQg0Yp7qub0oLHBFL68pHWTb655nxhtc4vHZLXxPrX7K-sEWaSUquh98JZfT_POGS7EVnDVRNizd61Y287MY.jpg?background=ffffff&crop=108%2C0%2C1799%2C2160&quality=90&size=533x640
7066645,МК кардиган Тбилиси,800.0,"Джемперы, свитеры и кардиганы",0.0,0,https://vk.ru/market/product/mk-kardigan-tbilisi-211626529-7066645,https://sun9-23.vkuserphoto.ru/s/v1/ig2/tO2Wbpv7hO1onl5oj7MyXzaRoNAdOlpMMHv3f4Dgza7b8Ep6QowRKRQM3Gy5KWncfPesejalWOKeQe6jPke1Xr2B.jpg?background=ffffff&crop=227%2C0%2C1615%2C1940&quality=90&size=533x640
7235260,МК чепчик Овечка & Барашек,600.0,Вязание,0.0,0,https://vk.ru/market/product/mk-chepchik-ovechka-amp-barashek-211626529-7235260,https://sun9-86.vkuserphoto.ru/s/v1/ig2/E3Wv_EUsvafq9KbusTbBdMGk4dEQImrDkSi_8NBounoDm2ibZMWzikFnOT8Jcj6l4NuRqzQ0lUEsx7cdKgsHjeQO.jpg?background=ffffff&crop=63%2C0%2C2072%2C2489&quality=90&size=533x640
7377389,МК свитер Онега,1000.0,Вязание,0.0,0,https://vk.ru/market/product/mk-sviter-onega-211626529-7377389,https://sun9-1.vkuserphoto.ru/s/v1/ig2/q0QTlX9HaDP6RYY5Oa4FHghsioR7tNJCv42F9haUB7tuoTNQn8Ulodi9_Lrfl53MhhXAPGGnpkDgo1OVjI_frU5G.jpg?background=ffffff&crop=131%2C0%2C1304%2C1566&quality=90&size=533x640
7423424,МК пуловер Матисс,1200.0,Вязание,5.0,1,https://vk.ru/market/product/mk-pulover-matiss-211626529-7423424,https://sun9-17.vkuserphoto.ru/s/v1/ig2/VB-kM4rwTV2BUM_HYGNO6ETIuXIQ3I9psZN5oZxCxYtoZS6tbJrwkBHNJPRy8AEVt3iWCK4iXOO358DnIf8z2Dbv.jpg?background=ffffff&crop=51%2C0%2C1106%2C1328&quality=90&size=533x640
7729126,МК кардиган Африка,1200.0,Рукоделие и творчество,5.0,1,https://vk.ru/market/product/mk-kardigan-afrika-211626529-7729126,https://sun9-88.vkuserphoto.ru/s/v1/ig2/6qE_YZUwdB_qR0N_dzGz56ZlmatiC3ZOo5A9UO3ViwpfphY4kPNMY9GkybWAzqselrlfo6Bba2qYOuANedBWeqxp.jpg?background=ffffff&crop=130%2C0%2C1098%2C1319&quality=90&size=533x640
7777683,Набор пряжи Африка,5200.0,Пряжа,5.0,1,https://vk.ru/market/product/nabor-pryazhi-afrika-211626529-7777683,https://sun9-83.vkuserphoto.ru/s/v1/ig2/o_ozzoKdy1x7v2krvdR-QioF29PuxcmiMdeTHY_5yFvZ0OqVh3C2VuuQ1WVvWWix77-xwfxptx0HvDbKvEfI01xt.jpg?background=ffffff&crop=89%2C0%2C1096%2C1317&quality=90&size=533x640
7954064,МК накидка Кантри,300.0,Рукоделие и творчество,0.0,0,https://vk.ru/market/product/mk-nakidka-kantri-211626529-7954064,https://sun9-61.vkuserphoto.ru/s/v1/ig2/3rYSKBZzi3-gTq7Ss514W8MIJVqEio3_I-GQfChKL_u_Z3LEyzdnK6-SGB_s8RzC4EbAcnWZwBB8nG1wDbcGtIv_.jpg?background=ffffff&crop=64%2C0%2C840%2C1009&quality=90&size=533x640
7999402,МК платье/свитер Улла,1200.0,Рукоделие и творчество,0.0,0,https://vk.ru/market/product/mk-platyesviter-ulla-211626529-7999402,https://sun9-80.vkuserphoto.ru/s/v1/ig2/S7OrS-piYG50b5m9MFHTPFdJMItKyDHPE2Ccz1aNC1He05G7ixoOe5q6OBguxqTBbThIZfiOWTs9yypau7itScA1.jpg?background=ffffff&crop=326%2C0%2C1103%2C1324&quality=90&size=533x640
8071654,Набор пряжи Помпон для МК пуловер Эльза,4700.0,Пряжа,5.0,1,https://vk.ru/market/product/nabor-pryazhi-pompon-dlya-mk-pulover-elza-211626529-8071654,https://sun9-70.vkuserphoto.ru/s/v1/ig2/e1VR3H8fLoqaQeZh4ZtbgAZd9knT64NYVJezSbrChLd5c5Nb-3t5BY1IoV5HLhFrManjxGdOcknBsgLjUcZ9bmpH.jpg?background=ffffff&crop=60%2C0%2C1715%2C2061&quality=90&size=533x640
8095131,МК свитер Суоми,1200.0,Пряжа,5.0,2,https://vk.ru/market/product/mk-sviter-suomi-211626529-8095131,https://sun9-36.vkuserphoto.ru/s/v1/ig2/iECpQzSojEntoRZPAhoY3oRAzzfNEsu4iPvP_LldZ0fqTWRVkuUSsOhqh3iA35ypxXaes5rk6Nq89Lqri8fY3kot.jpg?background=ffffff&crop=132%2C0%2C963%2C1157&quality=90&size=533x640
8431588,МК Косынка,300.0,Пряжа,0.0,0,https://vk.ru/market/product/mk-kosynka-211626529-8431588,https://sun9-17.vkuserphoto.ru/s/v1/ig2/q9QXrneatphiL43TTho4Gif13DP-6XG_BQHChJBU53gB5IBuIrbVb18hmViujeoTurpgNglecEtus0A69ExEiaby.jpg?background=ffffff&crop=0%2C128%2C1920%2C2306&quality=90&size=533x640
8538345,МК Талисман,1200.0,Рукоделие и творчество,0.0,0,https://vk.ru/market/product/mk-talisman-211626529-8538345,https://sun9-37.vkuserphoto.ru/s/v1/ig2/jQY5y1Ohhibq6fPals8mGJRGTVpByq2Ce9HWb3-nMbKlGcVl-zfN26U3ZzxnZIaXVsmQKDetJVfyJiVy8za1AXHv.jpg?background=ffffff&crop=178%2C0%2C1773%2C2129&quality=90&size=533x640
8651069,МК пуловер Пятница,1000.0,Пряжа,5.0,1,https://vk.ru/market/product/mk-pulover-pyatnitsa-211626529-8651069,https://sun9-26.vkuserphoto.ru/s/v1/ig2/dm7MUwLzx5mkabB5hpnWZqbbiVoejjQo04FaElaD4AFyk5Vk8sKqTWJRTG0NRpGEudoN6mpeNaZOHa6pB0CoboQx.jpg?background=ffffff&crop=184%2C0%2C1825%2C2192&quality=90&size=533x640
8680433,Набор пряжи Орхидея для пуловера Пятница,2700.0,Пряжа,5.0,1,https://vk.ru/market/product/nabor-pryazhi-orkhideya-dlya-pulovera-pyatnitsa-211626529-8680433,https://sun9-61.vkuserphoto.ru/s/v1/ig2/tNdfx6qArBiBp7wbIOTg1WqShG5f4CZsTk_PW-wtSXF9plvSUA4kOXQ-yn3y9zDW4OlHRnCcnhEYR1z5hbSUiL7X.jpg?background=ffffff&crop=215%2C0%2C2132%2C2560&quality=90&size=533x640
8769363,МК пуловер Кучинелли,1000.0,Мастер-классы,0.0,0,https://vk.ru/market/product/mk-pulover-kuchinelli-211626529-8769363,https://sun9-2.vkuserphoto.ru/s/v1/ig2/wfOzduJ9iMxKFJzZu0eYxe-3ZANMOgRY-hYIjWNLNZlZbBG7WhbqzG3tfi3yVvG36SWpcPJwmjOQIoOjF-bTU2N6.jpg?background=ffffff&crop=181%2C0%2C1547%2C1858&quality=90&size=533x640
8822928,МК болеро Ангел,1200.0,Пряжа,0.0,0,https://vk.ru/market/product/mk-bolero-angel-211626529-8822928,https://sun9-39.vkuserphoto.ru/s/v1/ig2/TOVru6LXrMKLNCJ9WcRplUcTqRo6n4Irsp8qkxB12RB277cyd1HHjd1SMEc6Ft_XbeaZeT5XO-bEeLyYdL82diGS.jpg?background=ffffff&crop=215%2C0%2C2132%2C2560&quality=90&size=533x640
9024277,МК Волан,1200.0,Вязание,5.0,1,https://vk.ru/market/product/mk-volan-211626529-9024277,https://sun9-17.vkuserphoto.ru/s/v1/ig2/lvqWldwkDXXpm9dm-9eqgQAUB7tMfpxJ2KM2Mj6sZehoINmicNE81cGrS04MVHMqfyQN0EH8bcrkj-F-cRYUX6iu.jpg?background=ffffff&crop=184%2C0%2C1825%2C2192&quality=90&size=533x640
9058892,МК кардиган Фиолент,1200.0,Вязание,0.0,0,https://vk.ru/market/product/mk-kardigan-fiolent-211626529-9058892,https://sun9-30.vkuserphoto.ru/s/v1/ig2/iP_s56nIFKx29DrARwrqZx_iqbCl9OhO9PnmGOs5JRqrek7SkOoBgBp0dW5mrU1ZhNaRoNf4lwczcAxvCwIo0xUh.jpg?background=ffffff&crop=168%2C0%2C1670%2C2005&quality=90&size=533x640
9146476,МК кардиган Полынь,1200.0,Пряжа,0.0,0,https://vk.ru/market/product/mk-kardigan-polyn-211626529-9146476,https://sun9-17.vkuserphoto.ru/s/v1/ig2/mvDXo_-0mIY4Riv0GhUWNvgbmvXKtZphSpt8Jqb4F83CYgqQvSlwgd2cOTaYl7s7cVokZ1YM-YsB9sVx6zaB9MtL.jpg?background=ffffff&crop=217%2C0%2C1825%2C2192&quality=90&size=533x640
9185582,МК плащ Миледи,500.0,Пряжа,0.0,0,https://vk.ru/market/product/mk-plasch-miledi-211626529-9185582,https://sun9-18.vkuserphoto.ru/s/v1/ig2/XNKcnWpS7Ryd-X9WMFWka7K_aOUteeSF1RESaZol3sV9FG5IER1xUiiI5Kke90DgBv-UtOOlN8nVYqothCDY5HHU.jpg?background=ffffff&crop=159%2C0%2C1586%2C1904&quality=90&size=533x640
9436360,МК шапка Такори,500.0,Наборы для вязания,0.0,0,https://vk.ru/market/product/mk-shapka-takori-211626529-9436360,https://sun9-56.vkuserphoto.ru/s/v1/ig2/12Zb_HZ43ktKkwoxvY7z5Soe7sZTQLuqkP-aHW3-dlVVepSLwgEoC5pa4FnLXuzGIBOd79whtdCfcEuZLMwINLsR.jpg?background=ffffff&crop=251%2C0%2C1825%2C2192&quality=90&size=533x640
10616358,МК Топ Луна,500.0,Рукоделие и творчество,0.0,0,https://vk.ru/market/product/mk-top-luna-211626529-10616358,https://sun9-26.vkuserphoto.ru/s/v1/ig2/oYC0JWXZ07sOs3rH51aGKc3lSBhI1taYUc7P7DIM-VhNAHtMFxUWwxonqA3531WCY8yrVSSpLglJ2pPQXSzsyivq.jpg?background=ffffff&crop=215%2C0%2C2132%2C2560&quality=90&size=533x640
10636224,МК шаль Морион,500.0,Рукоделие и творчество,0.0,0,https://vk.ru/market/product/mk-shal-morion-211626529-10636224,https://sun9-40.vkuserphoto.ru/s/v1/ig2/q75ydsMX5ceGieJmXMUe8YNyCF7QAuQrPvSh0jQ2buAPQmp7-88fi6wWor3WHRbRsYZz-IPYJ6d1RSIO-auFhXnE.jpg?background=ffffff&crop=167%2C0%2C2131%2C2560&quality=90&size=533x640
10855162,МК Идеальная планка,500.0,Вязание,0.0,0,https://vk.ru/market/product/mk-idealnaya-planka-211626529-10855162,https://sun9-32.vkuserphoto.ru/s/v1/ig2/KI7N2MnSd23iXAbFRcY7z8t2Xqti2i1J3Gi-3-Y9JsIdjLj6zJG08Ka0RLKgXosOFnfm4ndG8DIxqMfJzvhnM4fD.jpg?background=ffffff&crop=215%2C0%2C2132%2C2560&quality=90&size=533x640
11049625,Накидка - пончо Кантри,7000.0,"Джемперы, свитеры и кардиганы",5.0,1,https://vk.ru/market/product/nakidka-poncho-kantri-211626529-11049625,https://sun9-57.vkuserphoto.ru/s/v1/ig2/JTqYBpMzaAlX_sf4XwdF9a-TDAyHLtpaGb1IFmf6aZ7kmaQacIBBB2jvzfTL5PIMNJutznVWR2RIWtXBrwJ_WH5W.jpg?background=ffffff&crop=111%2C0%2C1105%2C1327&quality=90&size=533x640
11051919,Набор пряжи Ланкастер для накидки Кантри,4100.0,Пряжа,0.0,0,https://vk.ru/market/product/nabor-pryazhi-lankaster-dlya-nakidki-kantri-211626529-11051919,https://sun9-45.vkuserphoto.ru/s/v1/ig2/8XLqf3kKFn2UtC53jfZGxsMBZnBKmz_W9FpOKkdvRPxChD-7zzwq1bFiwm0irbqSqUkO7ya2yi1hNNYQUNY-ANae.jpg?background=ffffff&crop=215%2C0%2C2132%2C2560&quality=90&size=533x640
11053168,Накидка Кантри из пряжи альпака,7200.0,Парки,0.0,0,https://vk.ru/market/product/nakidka-kantri-iz-pryazhi-alpaka-211626529-11053168,https://sun9-33.vkuserphoto.ru/s/v1/ig2/nLUwVgCEO-gqv3h8PeB97JX7ySbPbJH4GJb_t3stlI1jehrWcki8ZHrC2AcEtYHH13x2j0mn_mL4n3SZPqJA6CTc.jpg?background=ffffff&crop=111%2C0%2C1106%2C1328&quality=90&size=533x640
11058008,Набор пряжи Ланкастер 2,4100.0,Пряжа,0.0,0,https://vk.ru/market/product/nabor-pryazhi-lankaster-2-211626529-11058008,https://sun9-61.vkuserphoto.ru/s/v1/ig2/FHXH7JNTtNf-WIa-jYyMkuOajRGbE5rRn8RlXq_r2dFuuc9cL3sN4e9mpFWlj0204chVFfkpkeuOhFRrZqfxmxni.jpg?background=ffffff&crop=215%2C0%2C2132%2C2560&quality=90&size=533x640
11153916,Пуловер Золотая Эльза,11600.0,"Джемперы, свитеры и кардиганы",5.0,1,https://vk.ru/market/product/pulover-zolotaya-elza-211626529-11153916,https://sun9-17.vkuserphoto.ru/s/v1/ig2/IU0PryXrQ6WDeJqN1GOvwv5Do7NSKHreNx1R13I3YqmUyYiuu_08p1khyRFxFNnLROv9xoDevOc-gwVbS_Louvp2.jpg?background=ffffff&crop=215%2C0%2C2129%2C2559&quality=90&size=533x640
11165977,Набор пряжи Сияй 6,4500.0,Пряжа,0.0,0,https://vk.ru/market/product/nabor-pryazhi-siay-6-211626529-11165977,https://sun9-74.vkuserphoto.ru/s/v1/ig2/JbfBaNHd6x0SAcOMBWfilx1z-aw52fqPH7c-zy-KIfg69n8Dphhyb0OxncJjch6jC79ICXvKoRrKAXUvYvbUH1dx.jpg?background=ffffff&crop=215%2C0%2C2132%2C2560&quality=90&size=533x640
11197997,Кардиган Фиолент,5100.0,"Джемперы, свитеры и кардиганы",5.0,1,https://vk.ru/market/product/kardigan-fiolent-211626529-11197997,https://sun9-69.vkuserphoto.ru/s/v1/ig2/W_Ef2IBf-rxUNATxRwYX_5b5hiax0Sq5oLz03m3pw3KRSuIzA3fP2lBV-6Fwtqr0o6rHYdLdQfQCAG9-U39Lk6Xm.jpg?background=ffffff&crop=214%2C0%2C1578%2C1895&quality=90&size=533x640
11226109,Кардиган из мохера Птичка,8300.0,"Джемперы, свитеры и кардиганы",5.0,1,https://vk.ru/market/product/kardigan-iz-mokhera-ptichka-211626529-11226109,https://sun9-70.vkuserphoto.ru/s/v1/ig2/dN_AaL_HI-KuT7XCISjFmFyQm17rTtTcLL9AmSd20YWBoX4O6lKC4dNabLVSGec4vZjGwNh_jBYB24ujbkZ3exr_.jpg?background=ffffff&crop=0%2C181%2C1829%2C2196&quality=90&size=533x640
11241248,Пуловер из мохера Эльза,7900.0,"Джемперы, свитеры и кардиганы",5.0,2,https://vk.ru/market/product/pulover-iz-mokhera-elza-211626529-11241248,https://sun9-58.vkuserphoto.ru/s/v1/ig2/5LQehJmzZXGswFVkeVY0AXUWhWhto7nZndpmKeu4vOuW092Pp3uNG60Ocq_o8OrVscAemc28-8-PgrcaqXKd3jy2.jpg?background=ffffff&crop=129%2C0%2C1282%2C1540&quality=90&size=533x640
11362831,Свитер из мохера Норвегия,4100.0,"Джемперы, свитеры и кардиганы",5.0,1,https://vk.ru/market/product/sviter-iz-mokhera-norvegia-211626529-11362831,https://sun9-30.vkuserphoto.ru/s/v1/ig2/S2M5H2jWebS0bT5207b_yxfN2LzkHjLEgfcIbqe3soaOs8Mp54wXIpXQlOg9nAVgq-IVef_aSMOBCi-tSCAyS-st.jpg?background=ffffff&crop=137%2C0%2C1366%2C1640&quality=90&size=533x640
11489578,Мастер класс Венеция,600.0,Наборы для вязания,0.0,0,https://vk.ru/market/product/master-klass-venetsia-211626529-11489578,https://sun9-29.vkuserphoto.ru/s/v1/ig2/R59OFfQWxuIgVwpD8lOGpDNhkdZqRsTTKDW3Ee-kyvR5PYlyuAAFQ3p5YLK1TNjngAyIyyjw-NLZwI9Rz-6onfsy.jpg?background=ffffff&crop=0%2C0%2C1440%2C1728&quality=90&size=533x640
11516532,МК кейп Монблан,600.0,Рукоделие и творчество,0.0,0,https://vk.ru/market/product/mk-keyp-monblan-211626529-11516532,https://sun9-83.vkuserphoto.ru/s/v1/ig2/Qhvm4maBTW5QXmb-a51PeAtVmznpNYYpX1_9LAJTQ2eiUhYzyw0ZyMp5GkJTxz5VSl6LtBcdqykuxeUO70MWJmL-.jpg?background=ffffff&crop=147%2C0%2C1462%2C1756&quality=90&size=533x640
11535484,Кардиган Африка из кидмохера и фактурной пряжи.,12150.0,"Джемперы, свитеры и кардиганы",5.0,1,https://vk.ru/market/product/kardigan-afrika-iz-kidmokhera-i-fakturnoy-pryazhi-211626529-11535484,https://sun9-25.vkuserphoto.ru/s/v1/ig2/inigHKGukbXSq1yP-VultG5l1SxzfYs-Hi29Z2yFLAH3JOFoOlheBfkpX35KoPghg7jFemEiSU6mhBvCnCfDVtWh.jpg?background=ffffff&crop=143%2C0%2C1423%2C1709&quality=90&size=533x640
11686084,МК пуловер Дива,1000.0,Пряжа,0.0,0,https://vk.ru/market/product/mk-pulover-diva-211626529-11686084,https://sun9-53.vkuserphoto.ru/s/v1/ig2/kFmwTzGcWfuup8flQU0X3VZ3JVXnDjyK9Vh2_NN29Lh0yOmAA4jiXJ8oXLwuJFq0b8_mysxiVfSAqM-p2v-iGUCB.jpg?background=ffffff&crop=256%2C0%2C1753%2C2106&quality=90&size=533x640
11712551,МК топ Тиффани,600.0,Пряжа,0.0,0,https://vk.ru/market/product/mk-top-tiffani-211626529-11712551,https://sun9-41.vkuserphoto.ru/s/v1/ig2/ENgz1GNqqjYG61rgqgcqRSj0e5VGWkXh95TK3V_jJPjYsDNrl-Dh966xKmh_HddJsoTBqKaKRKjK8J1c1W95ap91.jpg?background=ffffff&crop=0%2C128%2C1919%2C2304&quality=90&size=533x640
11713522,МК Шарф,300.0,Пряжа,0.0,0,https://vk.ru/market/product/mk-sharf-211626529-11713522,https://sun9-2.vkuserphoto.ru/s/v1/ig2/tSAfWRFMBwVTeLdeCl-L9mXUAF7SSc1b6-Xd46CxP73zO9RgUTdWT5kMWpzGd7TKz0amugC_JbBdMNngNJHGL3LJ.jpg?background=ffffff&crop=0%2C128%2C1920%2C2306&quality=90&size=533x640
11937381,МК пуловер Сен-Тропе,1200.0,Пряжа,5.0,1,https://vk.ru/market/product/mk-pulover-sen-trope-211626529-11937381,https://sun9-62.vkuserphoto.ru/s/v1/ig2/YDy6-DxUEnGBsC8f71nfZYVIds7v3lwcL-DvmX6joGChfZzZrxiBGxBxd-Qg0r_itWr8d6o57ImmGhCGK5RBi7sI.jpg?background=ffffff&crop=0%2C204%2C1793%2C2152&quality=90&size=533x640
12341491,МК паутинка Перо,800.0,Пряжа,0.0,0,https://vk.ru/market/product/mk-pautinka-pero-211626529-12341491,https://sun9-60.vkuserphoto.ru/s/v1/ig2/HHM56l9b5klMw3faTvNoilrCYD4OgJ2Nxe097b7pnN7z4MI1mTvNIS96bVe3gY4Mj2EEOpQV7LftRYUxMzyil7Bv.jpg?background=ffffff&crop=0%2C289%2C1652%2C1984&quality=90&size=533x640
12382713,МК кардиган Ингрид,1200.0,Наборы для вязания,0.0,0,https://vk.ru/market/product/mk-kardigan-ingrid-211626529-12382713,https://sun9-30.vkuserphoto.ru/s/v1/ig2/woV818WYCVKKSJLCoVmCFjxzcSH7qKsThwfpOIMkejmgLMEF6E07pm7NHLtuEPSl62y_V2FUM1tz0Xe-SiH3JLhS.jpg?background=ffffff&crop=0%2C46%2C719%2C863&quality=90&size=533x640
12567740,МК кейп/кардиган Фортуна,1500.0,Рукоделие и творчество,0.0,0,https://vk.ru/market/product/mk-keypkardigan-fortuna-211626529-12567740,https://sun9-12.vkuserphoto.ru/s/v1/ig2/CRr2FCrbTR-Esh0fwbFVKLm3jz4P4EC09RTL2mxxA1W16xuwlSqvcKb4Yh0uSpIw84ZUhGgq5TcyyKpgfeXz30B-.jpg?background=ffffff&crop=215%2C0%2C2132%2C2560&quality=90&size=533x640
12670937,МК паутинка Перо,800.0,Рукоделие и творчество,0.0,0,https://vk.ru/market/product/mk-pautinka-pero-211626529-12670937,https://sun9-44.vkuserphoto.ru/s/v1/ig2/jUSSLd0hGF9tqgxL58Ccj9KGMUVANoZVVoGmgLO-pWknBo2qqU6yM41APSKTap4ZKSsHumeRKUFf4dI1erA7lQs8.jpg?background=ffffff&crop=184%2C0%2C1825%2C2192&quality=90&size=533x640
